{
  "name": "lancer",
  "title": "LANCER",
  "description": "A Foundry VTT game system for <a href=\"https://massif-press.itch.io/corebook-pdf\">Lancer</a> by <a href=\"https://massif-press.itch.io/\">Massif Press</a>, a mud-and-lasers tactical mech RPG.",
  "version": "1.2.0",
  "minimumCoreVersion": "9",
  "compatibleCoreVersion": "9",
  "authors": [
    "Eranziel",
    "Grygon",
    "Whitespine",
    "SohumB",
    "BoltsJ",
    "Valkyrion",
    "Kuenaimaku"
  ],
  "scripts": [],
  "esmodules": ["index.js"],
  "styles": [
    "style.css",
    "fonts/compcon/glyphs.css"
  ],
  "packs": [
    {
      "name": "aoe-templates",
      "label": "AoE Templates",
      "system": "lancer",
      "module": "lancer",
      "path": "./packs/aoe-templates.db",
      "entity": "Macro"
    },
    {
      "name": "core_macros",
      "label": "LANCER Macros",
      "system": "lancer",
      "path": "./packs/core_macros.db",
      "entity": "Macro"
    }
  ],
  "languages": [
    {
      "lang": "en",
      "name": "English",
      "path": "lang/en.json"
    }
  ],
  "socket": true,
  "gridDistance": 1,
  "gridUnits": "",
  "primaryTokenAttribute": "",
  "secondaryTokenAttribute": "",
  "url": "https://github.com/Eranziel/foundryvtt-lancer",
  "manifest": "https://github.com/Eranziel/foundryvtt-lancer/releases/latest/download/system.json",
  "download": "https://github.com/Eranziel/foundryvtt-lancer/releases/download/v1.2.0/lancer-v1.2.0.zip",
  "license": "GNU GPLv3",
  "readme": "https://github.com/Eranziel/foundryvtt-lancer/blob/beta-release/README.md",
  "bugs": "https://github.com/Eranziel/foundryvtt-lancer/issues/new/choose",
  "changelog": "https://github.com/Eranziel/foundryvtt-lancer/blob/beta-release/CHANGELOG.md"
}