{
  "id": "lancer",
  "name": "lancer",
  "title": "LANCER",
  "description": "<p>A Foundry VTT game system for <a href=\"https://massif-press.itch.io/corebook-pdf\">Lancer</a> by <a href=\"https://massif-press.itch.io/\">Massif Press</a>, a mud-and-lasers tactical mech RPG.</p><p>\"Lancer for FoundryVTT\" is not an official <i>Lancer</i> product; it is a third party work, and is not affiliated with Massif Press. \"Lancer for FoundryVTT\" is published via the <i>Lancer</i> Third Party License.</p><p><i>Lancer</i> is copyright Massif Press.</p>",
  "version": "1.5.1",
  "minimumCoreVersion": "10",
  "compatibility": {
    "minimum": 10,
    "verified": "10.291",
    "maximum": 10
  },
  "authors": [
    {"name": "Eranziel"},
    {"name": "Grygon"},
    {"name": "Whitespine"},
    {"name": "SohumB"},
    {"name": "BoltsJ"},
    {"name": "Valkyrion"},
    {"name": "Kuenaimaku"},
    {"name": "dodgepong"}
  ],
  "scripts": [],
  "esmodules": ["index.js"],
  "styles": [
    "style.css",
    "fonts/compcon/glyphs.css",
    "fonts/mdi.css"
  ],
  "packs": [
    {
      "name": "aoe-templates",
      "label": "AoE Templates",
      "system": "lancer",
      "path": "./packs/aoe-templates.db",
      "type": "Macro"
    },
    {
      "name": "core_macros",
      "label": "LANCER Macros",
      "system": "lancer",
      "path": "./packs/core_macros.db",
      "type": "Macro"
    }
  ],
  "languages": [
    {
      "lang": "en",
      "name": "English",
      "path": "lang/en.json"
    }
  ],
  "socket": true,
  "gridDistance": 1,
  "gridUnits": "",
  "primaryTokenAttribute": "",
  "secondaryTokenAttribute": "",
  "url": "https://github.com/Eranziel/foundryvtt-lancer",
  "manifest": "https://github.com/Eranziel/foundryvtt-lancer/releases/latest/download/system.json",
  "download": "https://github.com/Eranziel/foundryvtt-lancer/releases/download/v1.5.1/lancer-v1.5.1.zip",
  "license": "GNU GPLv3",
  "readme": "https://github.com/Eranziel/foundryvtt-lancer/blob/beta-release/README.md",
  "bugs": "https://github.com/Eranziel/foundryvtt-lancer/issues/new/choose",
  "changelog": "https://github.com/Eranziel/foundryvtt-lancer/blob/beta-release/CHANGELOG.md",
  "manifestPlusVersion": "1.2.0",
  "media": [
    {
      "type": "cover",
      "url": "https://massifpress.com/_next/image?url=%2Fimages%2Flegal%2Fpowered_by_Lancer-01.svg&w=640&q=75",
      "caption": "Powered by Lancer"
    },
    {
      "type": "icon",
      "url": "https://massifpress.com/_next/image?url=%2Fimages%2Flegal%2Fpowered_by_Lancer-01.svg&w=640&q=75",
      "caption": "Powered by Lancer"
    }
  ]
}