{
  "name": "lancer",
  "title": "LANCER",
  "description": "A WIP game system for running games of Massif Press' LANCER RPG in the Foundry VTT environment. May include Comp/Con integration/connection at a later date.",
  "version": "0.0.4",
  "minimumCoreVersion": "0.5.0",
  "compatibleCoreVersion": "0.5.99",
  "author": "Eranziel",
  "scripts": [],
  "esmodules": ["lancer.js"],
  "styles": ["lancer.css"],
  "packs": [],
  "languages": [],
  "socket": true,
  "gridDistance": 10,
  "gridUnits": "ft",
  "url": "https://github.com/Eranziel/foundryvtt-lancer",
  "manifest": "https://github.com/Eranziel/foundryvtt-lancer/blob/master/src/system.json",
  "download": "https://github.com/Eranziel/foundryvtt-lancer/blob/v0.0.4/package/lancer-v0.0.4.zip",
  "license": "GNU GPLv3",
  "readme": "",
  "bugs": "",
  "changelog": ""
}