{
  "Actor": {
    "types": ["pc", "npc"],
    "templates": {
      "mech": {
        "mech": {
          "frame": "",
          "hull": {
            "value": 0
          },
          "agility": {
            "value": 0
          },
          "systems": {
            "value": 0
          },
          "engineering": {
            "value": 0
          },
          "hp": {
            "value": 10,
            "min": 0,
            "max": 10
          },
          "structure": {
            "value": 1,
            "min": 0,
            "max": 1
          },
          "heat": {
            "value": 0,
            "min": 0,
            "max": 6
          },
          "stress": {
            "value": 1,
            "min": 0,
            "max": 1
          },
          "armor": {
            "value": 0,
            "min": 0
          },
          "speed": {
            "value": 4
          },
          "evasion": {
            "value": 8
          },
          "edef": {
            "value": 8
          },
          "sensors": {
            "value": 10
          },
          "save": {
            "value": 10
          }
        }
      },
      "mech_loadout": {
        "mech_loadout": {
          "mounts": [],
          "systems": []
        }
      }
    },
    "pc": {
      "templates": ["mech", "mech_loadout"],
      "pilot": {
        "level": 0,
        "grit": {
          "value": 0,
          "max": 6
        },
        "callsign": "",
        "status": "",
        "notes": "",
        "quirk": "",
        "background": "",
        "history": "",
        "stats": {
          "hp": {
            "value": 6,
            "min": 0,
            "max": 6
          },
          "armor": {
            "value": 0,
            "max": 4
          },
          "evasion": {
            "value": 8
          },
          "edef": {
            "value": 8
          },
          "speed": {
            "value": 4
          }
        },
        "loadout": {
          "armor": "",
          "weapons": [],
          "gear": []
        },
        "licenses": [],
        "skills": [],
        "talents": [],
        "core_bonuses": [],
        "reserves": []
      },
      "loadout": {
        "weapons": [],
        "systems": []
      }
    },
    "npc": {
      "templates": ["mech"],
      "type": "mech",
      "class": "",
      "npc_templates": [],
      "activations": 1,
      "features": []
    }
  },
  "Item": {
    "types": ["skill", "talent", "core_bonus", "license", "pilot_armor", "pilot_weapon", "pilot_gear"],
    "templates": {
      "compendium_item": {
        "id": "",
        "name": "",
        "description": "",
        "note": "",
        "item_type": "",
        "flavor_name": "",
        "flavor_description": ""
      },
      "pilot_equip": {
        "type": "",
        "tags": [],
        "current_uses": 0,
        "custom_damage_type": ""
      },
      "mech_equip": {
        "type": "",
        "tags": []
      }
    },
    "skill": {
      "id": "",
      "name": "",
      "description": "",
      "detail": "",
      "rank": 1
    },
    "talent": {
      "id": "",
      "name": "",
      "description": "",
      "ranks": [
        {
          "name": "",
          "description": ""
        },
        {
          "name": "",
          "description": ""
        },
        {
          "name": "",
          "description": ""
        }
      ],
      "rank": 1
    },
    "core_bonus": {
      "id": "",
      "source": "",
      "effect": "",
      "mounted_effect": ""
    },
    "license": {
      "name": "",
      "source": "",
      "rank": 1
    },
    "pilot_armor": {
      "templates": ["compendium_item", "pilot_equip"],
      "hp_bonus": 0,
      "speed": 0,
      "speed_bonus": 0,
      "armor": 0,
      "edef": 0,
      "edef_bonus": 0,
      "evasion": 0,
      "evasion_bonus": 0
    },
    "pilot_weapon": {
      "templates": ["compendium_item", "pilot_equip"],
      "range": [],
      "damage": [],
      "effect": ""
    },
    "pilot_gear": {
      "uses": ""
    }
  }
}