{
  "id": "lancer",
  "name": "lancer",
  "title": "LANCER",
  "description": "A Foundry VTT game system for <a href=\"https://massif-press.itch.io/corebook-pdf\">Lancer</a> by <a href=\"https://massif-press.itch.io/\">Massif Press</a>, a mud-and-lasers tactical mech RPG.",
  "version": "1.4.1",
  "minimumCoreVersion": "10",
  "compatibility": {
    "minimum": 10,
    "verified": "10.291",
    "maximum": 10
  },
  "authors": [
    {"name": "Eranziel"},
    {"name": "Grygon"},
    {"name": "Whitespine"},
    {"name": "SohumB"},
    {"name": "BoltsJ"},
    {"name": "Valkyrion"},
    {"name": "Kuenaimaku"},
    {"name": "dodgepong"}
  ],
  "scripts": [],
  "esmodules": ["index.js"],
  "styles": [
    "style.css",
    "fonts/compcon/glyphs.css"
  ],
  "packs": [
    {
      "name": "aoe-templates",
      "label": "AoE Templates",
      "system": "lancer",
      "path": "./packs/aoe-templates.db",
      "type": "Macro"
    },
    {
      "name": "core_macros",
      "label": "LANCER Macros",
      "system": "lancer",
      "path": "./packs/core_macros.db",
      "type": "Macro"
    }
  ],
  "languages": [
    {
      "lang": "en",
      "name": "English",
      "path": "lang/en.json"
    }
  ],
  "socket": true,
  "gridDistance": 1,
  "gridUnits": "",
  "primaryTokenAttribute": "",
  "secondaryTokenAttribute": "",
  "url": "https://github.com/Eranziel/foundryvtt-lancer",
  "manifest": "https://github.com/Eranziel/foundryvtt-lancer/releases/latest/download/system.json",
  "download": "https://github.com/Eranziel/foundryvtt-lancer/releases/download/v1.4.1/lancer-v1.4.1.zip",
  "license": "GNU GPLv3",
  "readme": "https://github.com/Eranziel/foundryvtt-lancer/blob/beta-release/README.md",
  "bugs": "https://github.com/Eranziel/foundryvtt-lancer/issues/new/choose",
  "changelog": "https://github.com/Eranziel/foundryvtt-lancer/blob/beta-release/CHANGELOG.md"
}