{
  "Actor": {
    "types": ["pilot", "npc", "deployable"],
    "templates": {
      "mech": {
        "mech": {
          "name": "",
          "size": 1,
          "hull": 0,
          "agility": 0,
          "systems": 0,
          "engineering": 0,
          "hp": {
            "value": 10,
            "min": 0,
            "max": 10
          },
          "structure": {
            "value": 1,
            "min": 0,
            "max": 1
          },
          "heat": {
            "value": 0,
            "min": 0,
            "max": 6
          },
          "stress": {
            "value": 1,
            "min": 0,
            "max": 1
          },
          "repairs": {
            "value": 4,
            "min": 0,
            "max": 4
          },
          "armor": 0,
          "speed": 4,
          "evasion": 8,
          "edef": 8,
          "sensors": 10,
          "save": 10
        }
      },
      "mech_loadout": {
        "mech_loadout": {
          "mounts": [],
          "systems": []
        }
      }
    },
    "pilot": {
      "templates": ["mech", "mech_loadout"],
      "pilot": {
        "level": 0,
        "grit": 0,
        "callsign": "",
        "name": "",
        "status": "",
        "notes": "",
        "quirk": "",
        "background": "",
        "history": "",
        "stats": {
          "size": 0.5,
          "hp": {
            "value": 6,
            "min": 0,
            "max": 6
          },
          "armor": 0,
          "evasion": 8,
          "edef": 8,
          "speed": 4
        }
      }
    },
    "npc": {
      "templates": ["mech"],
      "type": "mech",
      "class": "",
      "npc_templates": [],
      "activations": 1
    },
    "deployable": {
      "size": 0.5,
      "hp": {
        "value": 5,
        "min": 0,
        "max": 5
      },
      "armor": 0,
      "evasion": 10,
      "edef": 10,
      "description": "",
      "effect": ""
    }
  },
  "Item": {
    "types": [
      "skill", 
      "talent", 
      "core_bonus", 
      "license", 
      "pilot_armor", 
      "pilot_weapon", 
      "pilot_gear",
      "frame",
      "mech_system",
      "mech_weapon"
    ],
    "templates": {
      "compendium_item": {
        "id": "",
        "name": "",
        "description": "",
        "note": "",
        "item_type": "",
        "flavor_name": "",
        "flavor_description": ""
      },
      "pilot_equip": {
        "tags": []
      },
      "licensed_item": {
        "source": "",
        "license": "",
        "license_level": 0
      },
      "mech_equip": {
        "sp": 0,
        "uses": 0,
        "max_uses": 0,
        "max_use_override": 0,
        "destroyed": false,
        "cascading": false,
        "loaded": false,
        "tags": [],
        "effect": [],
        "integrated": false
      }
    },
    "skill": {
      "id": "",
      "name": "",
      "description": "",
      "detail": "",
      "rank": 1
    },
    "talent": {
      "id": "",
      "name": "",
      "description": "",
      "ranks": [
        {
          "name": "",
          "description": ""
        },
        {
          "name": "",
          "description": ""
        },
        {
          "name": "",
          "description": ""
        }
      ],
      "rank": 1
    },
    "core_bonus": {
      "id": "",
      "name": "",
      "source": "",
      "effect": "",
      "mounted_effect": ""
    },
    "license": {
      "name": "",
      "source": "",
      "rank": 1
    },
    "pilot_armor": {
      "templates": ["compendium_item", "pilot_equip"],
      "hp_bonus": 0,
      "speed": 0,
      "speed_bonus": 0,
      "armor": 0,
      "edef": 0,
      "edef_bonus": 0,
      "evasion": 0,
      "evasion_bonus": 0
    },
    "pilot_weapon": {
      "templates": ["compendium_item", "pilot_equip"],
      "range": [],
      "damage": [],
      "custom_damage_type": "",
      "effect": ""
    },
    "pilot_gear": {
      "templates": ["compendium_item", "pilot_equip"],
      "uses": 0,
      "current_uses": 0
    },
    "frame": {
      "templates": ["compendium_item", "licensed_item"],
      "mechtype": [],
      "stats": {
        "size": 1,
        "armor": 0,
        "hp": 8,
        "evasion": 8,
        "edef": 8,
        "heatcap": 6,
        "repcap": 4,
        "sensor_range": 10,
        "tech_attack": 0,
        "save": 10,
        "speed": 4,
        "sp": 6
      },
      "mounts": [],
      "traits": [],
      "core_system": {
        "name": "",
        "description": "",
        "active_name": "",
        "active_effect": "",
        "tags": []
      }
    },
    "mech_system": {
      "templates": ["compendium_item", "licensed_item","mech_equip"],
      "system_type": ""
    },
    "mech_weapon": {
      "templates": ["compendium_item", "licensed_item","mech_equip"],
      "mount": "",
      "weapon_type": "",
      "damage": [],
      "range": [],
      "mod": null,
      "custom_damage_type": ""
    }
  }
}