{
  "name": "lancer",
  "title": "LANCER",
  "description": "A Foundry VTT game system for <a href=\"https://massif-press.itch.io/corebook-pdf\">Lancer</a> by <a href=\"https://massif-press.itch.io/\">Massif Press</a>, a mud-and-lasers tactical mech RPG.",
  "version": "0.1.9",
  "minimumCoreVersion": "0.5.7",
  "compatibleCoreVersion": "0.6.6",
  "author": "Eranziel",
  "scripts": [],
  "esmodules": ["lancer.js"],
  "styles": [
    "lancer.css",
    "fonts/compcon/glyphs.css",
    "fonts/mdi/css/materialdesignicons.css"
  ],
  "packs": [],
  "languages": [],
  "socket": true,
  "gridDistance": 1,
  "gridUnits": "",
  "primaryTokenAttribute": "mech.hp",
  "secondaryTokenAttribute": "mech.heat",
  "url": "https://github.com/Eranziel/foundryvtt-lancer",
  "manifest": "https://raw.githubusercontent.com/Eranziel/foundryvtt-lancer/master/src/system.json",
  "download": "https://github.com/Eranziel/foundryvtt-lancer/raw/v0.1.9/package/lancer-v0.1.9.zip",
  "license": "GNU GPLv3",
  "readme": "",
  "bugs": "",
  "changelog": ""
}